partido_label;sexo_cod;sexo_label;2010;2011;2012;2013;2014;2015;2016;2017;2018;2019;2020;2021;2022;2023;2024;2025
Total provincial;0;Ambos;15716942;15909607;16100618;16289599;16476149;16659931;16841135;17020012;17196396;17370144;17541141;17709598;17875743;18039509;18200851;18359753
Almirante Brown;0;Ambos;557025;561349;565509;569911;574263;578513;582541;586564;590418;594270;597969;601618;605271;608878;612438;616000
Avellaneda;0;Ambos;345752;346847;347924;348999;350080;351165;352246;353273;354314;355352;356392;357440;358512;359550;360583;361532
Berazategui;0;Ambos;326109;330277;334458;338647;342682;346658;350578;354447;358262;362021;365771;369294;372889;376431;379921;383458
Esteban Echeverría;0;Ambos;300785;308861;316567;323806;331031;337890;344795;351564;358342;364641;370900;377237;383538;389731;395856;402021
Ezeiza;0;Ambos;163287;169284;175333;181122;186842;192430;197895;203292;208615;213864;219031;224228;229276;234233;239220;244167
Florencio Varela;0;Ambos;426738;436751;446287;455672;464939;473950;482757;491652;500225;508671;517082;525270;533446;541606;549812;557936
General San Martín;0;Ambos;418017;418790;419531;420271;421009;421725;422440;423153;423877;424567;425265;425911;426556;427191;427783;428283
Hurlingham;0;Ambos;182604;183764;184914;186052;187174;188280;189371;190447;191508;192554;193583;194597;195596;196582;197553;198509
Ituzaingó;0;Ambos;169038;170292;171536;172766;173981;175177;176356;177521;178670;179801;180914;182011;182993;183959;184910;185845
José C. Paz;0;Ambos;267275;271557;275801;279999;284145;288228;292304;296279;300035;303896;307443;311187;314878;318364;321710;324990
La Matanza;0;Ambos;1777530;1830526;1883251;1935394;1986784;2037428;2087359;2136695;2185597;2233860;2281194;2327874;2374149;2419872;2464843;2509547
Lanús;0;Ambos;463555;463478;463401;463325;463251;463178;463106;463034;462964;462895;462827;462760;462693;462628;462564;462501
Lomas de Zamora;0;Ambos;621440;624289;627150;630029;632842;635593;638287;640916;643437;645880;648312;650678;652937;655122;657218;659249
Malvinas Argentinas;0;Ambos;324358;328087;331834;335491;339152;342798;346406;349867;353281;356643;359953;363263;366479;369648;372771;375896
Merlo;0;Ambos;531609;539009;546383;554007;561566;569165;576737;584267;591763;599119;606413;613509;620307;626975;633540;639681
Moreno;0;Ambos;454416;463151;472015;481041;489912;498713;507403;516093;524675;533292;541691;549930;558068;566103;574034;581729
Morón;0;Ambos;324279;323680;323076;322489;321920;321351;320781;320218;319674;319138;318632;318104;317584;317073;316559;316073
Quilmes;0;Ambos;586462;594412;602436;610259;618106;626006;633913;641742;649480;657123;664783;672199;679375;686466;693277;699997
San Fernando;0;Ambos;164452;165554;166646;167726;168793;169844;170880;171902;172911;173904;174883;175845;176795;177731;178654;179563
San Isidro;0;Ambos;295894;295428;294992;294597;294215;293848;293496;293157;292831;292520;292224;291963;291704;291448;291276;291097
San Miguel;0;Ambos;278019;280822;283603;286386;289135;291845;294370;296861;299319;301740;304122;306469;308784;311065;313312;315526
Tigre;0;Ambos;376515;386131;395623;404649;413442;422108;430660;438906;447040;455056;462998;470776;478432;485999;493467;500615
Tres de Febrero;0;Ambos;343338;343441;343537;343617;343701;343792;343877;343917;343961;344011;344067;344117;344172;344221;344296;344354
Vicente López;0;Ambos;272389;271677;271078;270598;270139;269705;269294;268897;268509;268064;267655;267257;266880;266538;266203;265885
Adolfo Alsina;0;Ambos;17222;17249;17276;17303;17330;17356;17382;17407;17433;17458;17483;17507;17532;17556;17580;17603
Adolfo Gonzales Chaves;0;Ambos;12168;12142;12116;12091;12065;12040;12016;11992;11968;11944;11922;11899;11877;11855;11832;11811
Alberti;0;Ambos;10746;10773;10799;10824;10850;10875;10900;10924;10948;10972;10995;11018;11041;11064;11085;11107
Arrecifes;0;Ambos;29252;29473;29690;29905;30117;30326;30532;30735;30936;31133;31328;31520;31709;31895;32078;32259
Ayacucho;0;Ambos;20505;20588;20671;20752;20832;20911;20990;21067;21143;21218;21291;21364;21436;21506;21577;21645
Azul;0;Ambos;65836;66029;66221;66411;66598;66782;66965;67144;67321;67495;67667;67835;68002;68167;68329;68487
Bahía Blanca;0;Ambos;304206;304829;305445;306056;306657;307250;307836;308413;308982;309544;310095;310639;311175;311704;312224;312738
Balcarce;0;Ambos;44190;44349;44506;44662;44816;44966;45116;45262;45408;45551;45691;45829;45967;46102;46234;46365
Baradero;0;Ambos;32969;33325;33677;34027;34371;34710;35045;35375;35701;36022;36338;36649;36956;37258;37556;37849
Benito Juárez;0;Ambos;20429;20440;20450;20461;20472;20482;20493;20503;20513;20523;20532;20542;20551;20561;20570;20579
Berisso;0;Ambos;89070;89877;90675;91466;92246;93015;93773;94522;95259;95987;96701;97406;98101;98786;99461;100126
Bolívar;0;Ambos;34468;34626;34783;34939;35092;35244;35393;35540;35684;35828;35969;36108;36244;36378;36512;36642
Bragado;0;Ambos;41710;41756;41801;41846;41891;41935;41978;42020;42062;42103;42144;42184;42223;42262;42301;42338
Brandsen;0;Ambos;26480;26960;27436;27906;28371;28828;29279;29725;30164;30597;31023;31442;31856;32263;32665;33061
Campana;0;Ambos;95041;96152;97252;98340;99415;100474;101518;102549;103565;104566;105552;106522;107480;108423;109352;110268
Cañuelas;0;Ambos;52059;53205;54342;55468;56579;57673;58752;59817;60867;61903;62921;63923;64913;65888;66849;67795
Capitán Sarmiento;0;Ambos;14576;14767;14957;15144;15329;15512;15692;15869;16044;16216;16387;16553;16718;16881;17041;17198
Carlos Casares;0;Ambos;22407;22544;22680;22815;22947;23078;23206;23334;23459;23583;23704;23824;23941;24059;24173;24286
Carlos Tejedor;0;Ambos;11680;11679;11678;11677;11676;11675;11674;11673;11672;11671;11671;11669;11669;11667;11667;11665
Carmen de Areco;0;Ambos;14809;14888;14967;15044;15121;15197;15271;15345;15418;15489;15560;15629;15697;15765;15831;15896
Castelli;0;Ambos;8270;8312;8354;8396;8437;8478;8517;8556;8595;8633;8671;8708;8744;8781;8816;8851
Chacabuco;0;Ambos;49052;49431;49806;50179;50546;50907;51263;51615;51962;52304;52640;52971;53298;53620;53937;54249
Chascomús;0;Ambos;42548;42992;43432;43868;44299;44722;45140;45552;45958;46359;46754;47141;47524;47902;48273;48640
Chivilcoy;0;Ambos;64671;65066;65458;65845;66228;66605;66976;67343;67705;68062;68412;68758;69099;69435;69766;70091
Colón;0;Ambos;25063;25276;25487;25695;25901;26105;26305;26503;26697;26889;27078;27264;27447;27629;27806;27982
Coronel de Marina Leonardo Rosales;0;Ambos;62712;62796;62880;62962;63044;63124;63203;63281;63358;63433;63508;63581;63654;63725;63795;63864
Coronel Dorrego;0;Ambos;15998;15911;15829;15747;15668;15589;15511;15435;15359;15285;15212;15141;15070;15000;14931;14864
Coronel Pringles;0;Ambos;23179;23068;22965;22861;22760;22659;22561;22463;22368;22273;22180;22089;21999;21910;21823;21737
Coronel Suárez;0;Ambos;38628;38812;38988;39163;39336;39506;39673;39838;40001;40162;40320;40474;40627;40778;40927;41073
Daireaux;0;Ambos;17013;17138;17263;17387;17508;17629;17747;17863;17979;18093;18204;18314;18422;18530;18635;18738
Dolores;0;Ambos;27251;27406;27559;27711;27860;28007;28152;28296;28438;28576;28714;28849;28982;29113;29242;29370
Ensenada;0;Ambos;57123;57615;58103;58585;59062;59532;59995;60452;60903;61346;61783;62214;62638;63057;63469;63874
Escobar;0;Ambos;215256;218766;223018;227205;231337;235408;239461;243456;247385;251245;255073;258805;262495;266121;269692;273209
Exaltación De La Cruz;0;Ambos;29888;30591;31288;31978;32659;33330;33991;34643;35287;35922;36545;37161;37766;38364;38953;39532
Florentino Ameghino;0;Ambos;8932;9007;9082;9155;9228;9300;9371;9441;9510;9578;9645;9711;9776;9839;9903;9964
General Alvarado;0;Ambos;39837;40293;40744;41191;41632;42066;42494;42917;43334;43744;44149;44546;44938;45326;45707;46083
General Alvear;0;Ambos;11234;11260;11286;11311;11336;11361;11385;11410;11433;11456;11480;11503;11524;11546;11568;11590
General Arenales;0;Ambos;15042;15044;15047;15048;15050;15052;15054;15056;15058;15059;15061;15062;15064;15066;15068;15070
General Belgrano;0;Ambos;17474;17665;17856;18045;18230;18414;18594;18773;18949;19123;19293;19461;19627;19790;19951;20110
General Guido;0;Ambos;2841;2847;2852;2857;2862;2867;2872;2877;2882;2887;2892;2897;2901;2906;2910;2915
General Juan Madariaga;0;Ambos;19880;20062;20241;20419;20594;20767;20938;21106;21273;21436;21596;21755;21912;22065;22217;22367
General La Madrid;0;Ambos;10892;10866;10839;10814;10788;10763;10738;10713;10689;10665;10642;10619;10596;10573;10551;10529
General Las Heras;0;Ambos;14955;15215;15472;15727;15978;16226;16469;16710;16948;17182;17412;17639;17863;18083;18300;18514
General Lavalle;0;Ambos;3713;3792;3870;3947;4023;4099;4172;4246;4318;4389;4459;4528;4596;4663;4729;4794
General Paz;0;Ambos;11294;11343;11392;11441;11489;11536;11583;11629;11674;11719;11763;11806;11849;11891;11932;11973
General Pinto;0;Ambos;11363;11379;11394;11409;11423;11438;11452;11467;11481;11494;11508;11521;11534;11547;11560;11573
General Pueyrredón;0;Ambos;624388;627723;631064;634372;637637;640855;644055;647215;650332;653406;656456;659462;662430;665357;668242;671085
General Rodríguez;0;Ambos;87339;89700;92041;94357;96643;98895;101116;103308;105469;107599;109695;111759;113795;115802;117780;119727
General Viamonte;0;Ambos;18232;18288;18343;18397;18451;18505;18556;18608;18659;18709;18758;18807;18855;18903;18949;18995
General Villegas;0;Ambos;31092;31324;31555;31784;32009;32232;32451;32667;32880;33090;33297;33501;33701;33899;34094;34286
Guaminí;0;Ambos;11918;11988;12058;12127;12195;12263;12329;12394;12458;12522;12584;12646;12707;12766;12825;12883
Hipólito Yrigoyen;0;Ambos;9657;9722;9784;9847;9909;9970;10029;10089;10148;10205;10262;10318;10373;10427;10480;10533
Junín;0;Ambos;91192;92712;92811;92911;93013;93115;93168;93221;93274;93329;93384;93440;93497;93553;93611;93670
La Costa;0;Ambos;70033;70933;71826;72708;73580;74439;75285;76121;76945;77756;78554;79341;80118;80883;81637;82379
La Plata;0;Ambos;659575;664746;670477;676195;681831;687378;692779;698164;703504;708733;713947;719013;724010;728912;733741;738505
Laprida;0;Ambos;10287;10353;10417;10481;10544;10606;10668;10728;10788;10847;10905;10962;11018;11074;11128;11182
Las Flores;0;Ambos;24087;24127;24157;24186;24215;24244;24272;24300;24328;24355;24382;24410;24436;24462;24487;24513
Leandro N. Alem;0;Ambos;16942;16995;17047;17099;17150;17200;17250;17300;17348;17396;17442;17489;17534;17580;17624;17667
Lincoln;0;Ambos;42204;42216;42227;42238;42248;42259;42270;42281;42291;42302;42312;42323;42333;42342;42353;42363
Lobería;0;Ambos;17671;17736;17799;17863;17925;17986;18047;18107;18166;18224;18281;18338;18393;18447;18502;18555
Lobos;0;Ambos;36404;36765;37132;37496;37854;38208;38557;38900;39239;39573;39901;40225;40544;40858;41168;41473
Luján;0;Ambos;106886;108250;109603;110942;112263;113564;114848;116114;117364;118593;119805;120998;122174;123334;124477;125602
Magdalena;0;Ambos;18924;19121;19315;19508;19697;19883;20041;20195;20346;20493;20613;20729;20842;20953;21059;21163
Maipú;0;Ambos;10255;10263;10275;10288;10301;10314;10328;10343;10357;10372;10388;10402;10419;10435;10452;10469
Mar Chiquita;0;Ambos;21361;21782;22199;22612;23019;23420;23816;24206;24591;24971;25344;25712;26075;26432;26784;27131
Marcos Paz;0;Ambos;54337;55618;56887;58145;59385;60607;61811;63001;64174;65329;66466;67586;68691;69780;70853;71909
Mercedes;0;Ambos;63759;64184;64607;65025;65437;65844;66245;66640;67030;67415;67793;68165;68532;68895;69252;69603
Monte;0;Ambos;21111;21357;21638;21915;22207;22482;22832;23127;23396;23699;23896;24198;24485;24796;25103;25393
Monte Hermoso;0;Ambos;6534;6630;6718;6807;6895;6980;7064;7147;7230;7310;7390;7468;7546;7621;7695;7769
Navarro;0;Ambos;17184;17293;17399;17505;17609;17712;17815;17914;18013;18110;18206;18301;18394;18485;18575;18665
Necochea;0;Ambos;93730;93970;94207;94442;94673;94902;95126;95348;95568;95783;95995;96204;96410;96614;96814;97011
9 de Julio;0;Ambos;48150;48217;48283;48347;48413;48475;48539;48601;48661;48721;48780;48838;48896;48952;49008;49063
Olavarría;0;Ambos;112534;113339;114137;114926;115706;116473;117230;117977;118715;119441;120154;120858;121552;122236;122911;123574
Patagones;0;Ambos;30446;30610;30773;30935;31094;31250;31405;31557;31708;31856;32002;32146;32288;32427;32565;32701
Pehuajó;0;Ambos;40109;40249;40389;40527;40664;40798;40930;41060;41189;41316;41441;41564;41686;41805;41923;42039
Pellegrini;0;Ambos;5913;5929;5960;5972;5983;5995;6007;6020;6032;6045;6058;6072;6085;6099;6113;6128
Pergamino;0;Ambos;105420;105906;106387;106863;107332;107794;108251;108700;109145;109582;110012;110435;110854;111266;111672;112071
Pila;0;Ambos;3665;3697;3728;3760;3791;3821;3851;3880;3909;3937;3966;3994;4021;4048;4074;4100
Pilar;0;Ambos;299549;307852;316084;324228;332268;340189;347998;355707;363309;370798;378167;385426;392587;399645;406599;413447
Pinamar;0;Ambos;25798;26410;27015;27614;28206;28789;29364;29931;30491;31042;31584;32119;32646;33166;33677;34182
Presidente Perón;0;Ambos;81166;83780;86372;88936;91467;93960;96420;98847;101239;103597;105918;108203;110457;112680;114868;117024
Puán;0;Ambos;15871;15816;15761;15668;15576;15486;15396;15309;15223;15137;15054;14972;14891;14811;14733;14657
Punta Indio;0;Ambos;9964;10028;10093;10156;10219;10282;10343;10404;10463;10521;10579;10635;10692;10747;10802;10855
Ramallo;0;Ambos;33218;33697;34173;34644;35109;35567;36018;36463;36902;37335;37761;38180;38595;39003;39404;39800
Rauch;0;Ambos;15293;15385;15476;15566;15656;15743;15830;15916;16000;16083;16165;16246;16325;16404;16481;16557
Rivadavia;0;Ambos;16317;16430;16515;16589;16663;16746;16826;16904;16978;17050;17119;17184;17247;17307;17366;17421
Rojas;0;Ambos;23630;23705;23779;23852;23924;23995;24065;24134;24203;24269;24336;24401;24465;24529;24591;24652
Roque Pérez;0;Ambos;12365;12535;12692;12848;13000;13151;13298;13444;13587;13726;13863;13998;14129;14259;14386;14511
Saavedra;0;Ambos;20918;21028;21135;21242;21346;21449;21551;21651;21750;21847;21943;22037;22130;22221;22311;22400
Saladillo;0;Ambos;32317;32627;32936;33241;33542;33839;34131;34420;34705;34985;35261;35533;35802;36066;36326;36583
Salto;0;Ambos;32841;33260;33676;34087;34494;34894;35288;35678;36061;36440;36812;37179;37541;37897;38248;38594
Salliqueló;0;Ambos;8714;8721;8730;8740;8750;8760;8769;8779;8789;8799;8810;8819;8829;8840;8850;8860
San Andrés de Giles;0;Ambos;23168;23440;23709;23976;24240;24500;24755;25008;25257;25502;25744;25981;26216;26448;26675;26899
San Antonio de Areco;0;Ambos;23297;23504;23708;23910;24111;24307;24501;24693;24882;25068;25251;25431;25610;25785;25957;26128
San Cayetano;0;Ambos;8469;8503;8537;8571;8605;8638;8671;8704;8734;8766;8797;8827;8857;8887;8915;8945
San Nicolás;0;Ambos;146976;147855;148727;149589;150441;151279;152106;152922;153728;154520;155301;156069;156827;157575;158311;159037
San Pedro;0;Ambos;59466;59911;60352;60788;61219;61644;62061;62474;62881;63283;63677;64066;64450;64827;65200;65567
San Vicente;0;Ambos;59510;61374;63222;65051;66856;68634;70388;72118;73825;75506;77161;78791;80398;81983;83544;85082
Suipacha;0;Ambos;10134;10280;10424;10567;10707;10846;10983;11117;11250;11382;11510;11637;11763;11886;12008;12128
Tandil;0;Ambos;124631;126170;127689;129214;130718;132199;133659;135101;136522;137922;139300;140657;141996;143314;144614;145893
Tapalqué;0;Ambos;9238;9330;9421;9510;9598;9686;9772;9856;9940;10022;10103;10183;10262;10340;10416;10491
Tordillo;0;Ambos;1780;1783;1785;1788;1791;1794;1796;1799;1801;1804;1807;1809;1812;1814;1816;1818
Tornquist;0;Ambos;12810;12929;13048;13165;13281;13395;13507;13619;13728;13836;13942;14047;14150;14251;14352;14450
Trenque Lauquen;0;Ambos;43326;43676;44025;44369;44708;45043;45373;45699;46019;46336;46648;46954;47256;47554;47849;48137
Tres Arroyos;0;Ambos;57497;57502;57510;57520;57533;57543;57556;57572;57590;57611;57634;57660;57689;57720;57754;57789
Tres Lomas;0;Ambos;8409;8471;8508;8562;8600;8646;8686;8726;8764;8801;8837;8872;8906;8939;8971;9002
25 de Mayo;0;Ambos;36149;36247;36343;36439;36533;36627;36718;36808;36897;36985;37071;37156;37240;37323;37405;37485
Villa Gesell;0;Ambos;31845;32499;33147;33788;34421;35044;35660;36266;36865;37454;38034;38606;39170;39726;40273;40812
Villarino;0;Ambos;31162;31710;32251;32784;33312;33830;34341;34847;35344;35834;36315;36790;37258;37719;38172;38619
Zárate;0;Ambos;114957;116345;117720;119081;120425;121748;123054;124342;125613;126865;128096;129309;130506;131686;132848;133993
Total provincial;1;Masculino;7678592;7776525;7873684;7969864;8064849;8158456;8250777;8341933;8431831;8520388;8607537;8693385;8778048;8861488;8943682;9024621
Almirante Brown;1;Masculino;273352;275570;277794;279980;282143;284281;286295;288288;290157;292051;293919;295763;297635;299484;301310;303113
Avellaneda;1;Masculino;164391;164946;165485;166035;166572;167107;167630;168131;168639;169146;169649;170161;170680;171177;171672;172165
Berazategui;1;Masculino;160142;162219;164329;166469;168483;170469;172427;174360;176266;178144;180043;181743;183539;185308;187051;188818
Esteban Echeverría;1;Masculino;148426;152560;156364;160231;163954;167536;171112;174693;178228;181394;184606;187841;191081;194356;197605;200857
Ezeiza;1;Masculino;81955;85115;88251;91457;94528;97456;100246;103001;105717;108394;111027;113724;116404;119125;121859;124505
Florencio Varela;1;Masculino;214021;219251;224346;229340;234274;238940;243541;248185;252666;257080;261523;265802;270022;274181;278342;282376
General San Martín;1;Masculino;200761;201173;201555;201937;202320;202683;203047;203411;203776;204121;204457;204763;205070;205368;205656;205874
Hurlingham;1;Masculino;88302;88814;89323;89826;90322;90812;91295;91772;92242;92705;93161;93610;94052;94489;94919;95342
Ituzaingó;1;Masculino;82091;82741;83386;84024;84654;85275;85887;86492;87089;87676;88254;88824;89286;89739;90185;90622
José C. Paz;1;Masculino;132440;134582;136707;138810;140888;142935;145004;146998;148801;150738;152392;154270;156121;157794;159542;161212
La Matanza;1;Masculino;870571;897247;923909;950091;976002;1001600;1026815;1051695;1076471;1100879;1124826;1148433;1171961;1195219;1218121;1241065
Lanús;1;Masculino;221814;221795;221776;221757;221739;221721;221703;221685;221668;221651;221634;221618;221601;221585;221569;221554
Lomas de Zamora;1;Masculino;300766;302325;303908;305502;307065;308584;310062;311459;312744;313967;315197;316405;317541;318567;319540;320492
Malvinas Argentinas;1;Masculino;160801;162688;164610;166463;168343;170236;172115;173871;175603;177309;178988;180642;182274;183881;185465;187024
Merlo;1;Masculino;261973;265753;269488;273460;277330;281268;285213;289219;293234;297205;301160;304941;308433;311886;315247;318316
Moreno;1;Masculino;226058;230454;234916;239434;244050;248654;253201;257797;262437;267117;271635;276045;280402;284705;288953;293145
Morón;1;Masculino;155272;154960;154650;154343;154040;153742;153448;153157;152871;152588;152311;152037;151767;151501;151239;150981
Quilmes;1;Masculino;284721;288865;293045;296980;300934;304939;308948;312969;316943;320869;324796;328627;332216;335762;339064;342322
San Fernando;1;Masculino;79545;80088;80626;81159;81686;82205;82717;83222;83720;84211;84695;85170;85640;86102;86558;87007
San Isidro;1;Masculino;140417;140178;139964;139785;139612;139447;139289;139138;138993;138856;138726;138614;138548;138489;138447;138402
San Miguel;1;Masculino;136006;137346;138674;139990;141289;142569;143832;145078;146308;147519;148711;149885;151043;152184;153308;154415
Tigre;1;Masculino;185483;190425;195232;199794;204303;208748;213136;217270;221348;225364;229317;233211;237051;240836;244564;248235
Tres de Febrero;1;Masculino;164035;164081;164129;164179;164231;164287;164335;164376;164409;164445;164484;164536;164590;164636;164676;164677
Vicente López;1;Masculino;127707;127508;127315;127130;126954;126790;126636;126492;126358;126235;126124;126023;125932;125851;125780;125719
Adolfo Alsina;1;Masculino;8514;8516;8518;8521;8524;8526;8529;8531;8534;8537;8540;8542;8545;8548;8551;8554
Adolfo Gonzales Chaves;1;Masculino;5993;5976;5959;5942;5925;5908;5892;5876;5860;5844;5829;5814;5799;5784;5769;5755
Alberti;1;Masculino;5246;5261;5275;5289;5303;5317;5331;5344;5357;5370;5383;5396;5408;5421;5433;5445
Arrecifes;1;Masculino;14136;14242;14346;14449;14551;14651;14750;14848;14944;15039;15133;15225;15316;15405;15493;15580
Ayacucho;1;Masculino;10107;10150;10193;10235;10277;10318;10359;10399;10439;10478;10516;10554;10592;10628;10665;10700
Azul;1;Masculino;32047;32135;32223;32310;32395;32479;32563;32645;32726;32805;32884;32961;33037;33113;33187;33259
Bahía Blanca;1;Masculino;146508;146787;147064;147338;147608;147874;148138;148397;148653;148906;149154;149398;149639;149877;150111;150342
Balcarce;1;Masculino;21785;21867;21947;22027;22106;22183;22260;22335;22410;22483;22555;22626;22697;22766;22834;22901
Baradero;1;Masculino;16356;16546;16734;16921;17105;17286;17465;17642;17816;17988;18157;18324;18488;18650;18809;18966
Benito Juárez;1;Masculino;10376;10379;10381;10385;10388;10391;10394;10397;10400;10403;10405;10408;10411;10414;10417;10419
Berisso;1;Masculino;43474;43876;44274;44669;45058;45442;45821;46195;46563;46927;47284;47636;47983;48325;48663;48995
Bolívar;1;Masculino;17033;17109;17186;17262;17336;17411;17483;17555;17625;17695;17764;17832;17898;17963;18029;18092
Bragado;1;Masculino;20292;20297;20301;20305;20310;20314;20318;20322;20326;20330;20334;20338;20341;20345;20349;20352
Brandsen;1;Masculino;13169;13414;13657;13897;14135;14368;14599;14827;15052;15273;15491;15705;15917;16125;16331;16533
Campana;1;Masculino;47729;48344;48953;49556;50152;50739;51318;51890;52454;53009;53556;54094;54626;55149;55664;56172
Cañuelas;1;Masculino;26096;26697;27294;27885;28469;29044;29611;30171;30723;31268;31803;32330;32851;33363;33868;34365
Capitán Sarmiento;1;Masculino;7126;7221;7315;7408;7500;7591;7681;7769;7856;7942;8027;8110;8192;8273;8353;8431
Carlos Casares;1;Masculino;10985;11043;11100;11157;11213;11268;11322;11376;11429;11481;11532;11583;11632;11682;11730;11778
Carlos Tejedor;1;Masculino;5885;5880;5875;5870;5865;5860;5855;5850;5845;5840;5836;5831;5827;5822;5818;5813
Carmen de Areco;1;Masculino;7414;7457;7501;7543;7585;7627;7668;7709;7749;7788;7827;7865;7902;7940;7976;8012
Castelli;1;Masculino;4047;4058;4069;4080;4091;4102;4112;4122;4132;4142;4152;4162;4171;4181;4190;4199
Chacabuco;1;Masculino;23955;24139;24322;24504;24683;24859;25033;25205;25374;25541;25705;25867;26026;26183;26338;26490
Chascomús;1;Masculino;20921;21143;21363;21581;21797;22009;22218;22425;22628;22829;23027;23221;23413;23602;23788;23972
Chivilcoy;1;Masculino;31098;31302;31504;31704;31902;32097;32289;32479;32666;32851;33032;33211;33387;33561;33732;33900
Colón;1;Masculino;12241;12347;12451;12554;12656;12757;12856;12954;13050;13145;13239;13331;13422;13512;13600;13687
Coronel de Marina Leonardo Rosales;1;Masculino;30826;30807;30788;30769;30751;30732;30714;30696;30679;30661;30644;30627;30611;30594;30578;30562
Coronel Dorrego;1;Masculino;7819;7768;7722;7676;7632;7588;7544;7502;7459;7418;7377;7338;7298;7259;7221;7184
Coronel Pringles;1;Masculino;11286;11208;11136;11064;10994;10924;10856;10788;10722;10656;10592;10529;10466;10405;10344;10285
Coronel Suárez;1;Masculino;18982;19057;19126;19195;19263;19330;19395;19460;19524;19587;19649;19709;19769;19828;19886;19943
Daireaux;1;Masculino;8495;8563;8631;8698;8764;8830;8894;8957;9020;9082;9143;9202;9261;9320;9377;9433
Dolores;1;Masculino;13215;13289;13362;13435;13506;13577;13646;13715;13783;13849;13915;13980;14044;14106;14168;14229
Ensenada;1;Masculino;28090;28346;28600;28851;29100;29345;29586;29825;30060;30291;30519;30744;30965;31184;31399;31610
Escobar;1;Masculino;106896;109045;111276;113485;115666;117816;119936;122029;124093;126127;128128;130100;132044;133960;135847;137706
Exaltación De La Cruz;1;Masculino;15019;15383;15744;16102;16455;16803;17146;17484;17818;18148;18471;18791;19105;19415;19721;20021
Florentino Ameghino;1;Masculino;4469;4502;4535;4567;4599;4631;4662;4693;4723;4753;4783;4812;4840;4868;4896;4923
General Alvarado;1;Masculino;19600;19825;20047;20268;20486;20700;20912;21121;21327;21530;21730;21926;22120;22312;22500;22686
General Alvear;1;Masculino;6366;6360;6354;6348;6342;6336;6330;6325;6319;6313;6308;6303;6297;6292;6287;6282
General Arenales;1;Masculino;7368;7358;7348;7337;7327;7317;7307;7297;7288;7278;7269;7259;7250;7241;7233;7224
General Belgrano;1;Masculino;8563;8681;8799;8915;9029;9143;9254;9364;9473;9580;9685;9789;9891;9992;10091;10189
General Guido;1;Masculino;1463;1464;1465;1466;1467;1468;1469;1470;1471;1472;1473;1474;1475;1476;1477;1478
General Juan Madariaga;1;Masculino;9630;9717;9803;9888;9972;10055;10137;10218;10298;10376;10453;10529;10605;10678;10751;10823
General La Madrid;1;Masculino;5406;5382;5358;5335;5311;5288;5266;5243;5221;5199;5178;5157;5136;5115;5095;5075
General Las Heras;1;Masculino;7337;7462;7586;7709;7830;7950;8067;8184;8299;8412;8523;8633;8741;8847;8952;9055
General Lavalle;1;Masculino;1908;1944;1980;2016;2051;2086;2120;2154;2188;2220;2253;2285;2316;2347;2378;2408
General Paz;1;Masculino;5628;5652;5676;5700;5724;5747;5770;5793;5815;5837;5859;5880;5901;5922;5942;5962
General Pinto;1;Masculino;5715;5714;5712;5711;5709;5708;5706;5705;5704;5702;5701;5700;5698;5697;5696;5695
General Pueyrredón;1;Masculino;298814;300576;302344;304095;305824;307528;309210;310871;312509;314124;315713;317278;318823;320346;321846;323324
General Rodríguez;1;Masculino;43451;44676;45892;47095;48284;49455;50610;51750;52875;53983;55074;56148;57207;58251;59280;60292
General Viamonte;1;Masculino;9002;9041;9079;9117;9155;9192;9228;9264;9300;9335;9369;9403;9437;9470;9502;9534
General Villegas;1;Masculino;15724;15859;15994;16127;16258;16388;16516;16642;16766;16889;17009;17128;17245;17360;17474;17586
Guaminí;1;Masculino;5998;6030;6062;6093;6124;6155;6185;6215;6244;6273;6301;6329;6357;6384;6411;6437
Hipólito Yrigoyen;1;Masculino;4793;4826;4857;4889;4920;4951;4981;5011;5041;5070;5099;5127;5155;5182;5209;5236
Junín;1;Masculino;44078;44845;44892;44939;44987;45034;45082;45129;45176;45224;45271;45319;45367;45414;45462;45510
La Costa;1;Masculino;34568;35023;35475;35922;36364;36799;37228;37652;38070;38481;38886;39285;39679;40067;40449;40825
La Plata;1;Masculino;319479;321642;324393;327164;329893;332576;335155;337755;340348;342872;345424;347867;350276;352628;354944;357232
Laprida;1;Masculino;4998;5028;5058;5087;5116;5145;5173;5201;5229;5256;5283;5309;5335;5361;5386;5411
Las Flores;1;Masculino;11673;11687;11691;11695;11699;11703;11707;11711;11715;11719;11723;11728;11732;11736;11740;11744
Leandro N. Alem;1;Masculino;8317;8346;8374;8402;8430;8457;8484;8511;8537;8563;8588;8614;8638;8663;8687;8710
Lincoln;1;Masculino;20785;20790;20795;20800;20804;20809;20814;20819;20824;20829;20834;20839;20844;20848;20853;20858
Lobería;1;Masculino;8897;8934;8970;9006;9041;9076;9110;9144;9178;9211;9243;9275;9306;9337;9368;9398
Lobos;1;Masculino;17678;17851;18032;18212;18389;18564;18736;18905;19073;19238;19400;19560;19717;19872;20025;20175
Luján;1;Masculino;52692;53366;54035;54697;55351;55995;56631;57258;57877;58486;59086;59677;60260;60834;61400;61957
Magdalena;1;Masculino;10763;10868;10971;11075;11176;11277;11376;11473;11570;11664;11758;11850;11940;12031;12118;12205
Maipú;1;Masculino;4898;4903;4908;4913;4919;4924;4930;4936;4942;4948;4955;4961;4968;4975;4983;4990
Mar Chiquita;1;Masculino;10684;10904;11122;11338;11551;11761;11968;12172;12374;12573;12768;12961;13151;13338;13522;13704
Marcos Paz;1;Masculino;27982;28658;29329;29994;30650;31297;31934;32564;33185;33797;34399;34992;35577;36153;36721;37280
Mercedes;1;Masculino;31407;31630;31852;32072;32289;32503;32714;32922;33127;33330;33529;33725;33918;34109;34297;34482
Monte;1;Masculino;10435;10561;10704;10845;10994;11134;11342;11492;11610;11754;11825;11964;12100;12253;12404;12541
Monte Hermoso;1;Masculino;3356;3408;3454;3500;3546;3590;3634;3677;3720;3762;3803;3844;3884;3923;3961;3999
Navarro;1;Masculino;8568;8625;8681;8736;8791;8845;8899;8951;9003;9054;9104;9154;9203;9251;9298;9345
Necochea;1;Masculino;44994;45069;45143;45217;45289;45361;45431;45501;45570;45637;45704;45769;45834;45898;45960;46022
9 de Julio;1;Masculino;23441;23475;23509;23542;23576;23608;23641;23673;23704;23735;23765;23795;23825;23854;23883;23911
Olavarría;1;Masculino;55908;56333;56754;57170;57582;57987;58387;58782;59172;59556;59933;60305;60672;61033;61390;61740
Patagones;1;Masculino;15179;15256;15332;15408;15483;15556;15629;15700;15771;15840;15909;15976;16043;16108;16173;16237
Pehuajó;1;Masculino;19498;19549;19600;19650;19700;19749;19797;19844;19891;19938;19983;20028;20073;20116;20159;20201
Pellegrini;1;Masculino;2935;2942;2963;2965;2967;2969;2971;2974;2977;2980;2983;2987;2991;2995;2999;3004
Pergamino;1;Masculino;49896;50006;50114;50222;50328;50432;50536;50637;50738;50837;50934;51030;51125;51218;51310;51400
Pila;1;Masculino;1855;1866;1877;1888;1899;1910;1920;1930;1940;1950;1960;1970;1979;1989;1998;2007
Pilar;1;Masculino;149227;153488;157716;161901;166034;170108;174125;178091;182003;185857;189649;193384;197068;200699;204276;207798
Pinamar;1;Masculino;12899;13225;13548;13868;14184;14496;14803;15106;15406;15700;15990;16276;16558;16836;17109;17379
Presidente Perón;1;Masculino;40401;41762;43113;44450;45770;47071;48355;49622;50871;52102;53314;54507;55684;56844;57986;59111
Puán;1;Masculino;7798;7777;7757;7698;7639;7582;7525;7470;7415;7361;7308;7256;7205;7155;7106;7058
Punta Indio;1;Masculino;4995;5024;5054;5083;5112;5141;5169;5197;5224;5251;5277;5303;5329;5355;5380;5404
Ramallo;1;Masculino;16472;16707;16941;17172;17401;17626;17848;18067;18283;18496;18706;18912;19116;19317;19514;19709
Rauch;1;Masculino;7537;7582;7627;7671;7715;7758;7801;7843;7884;7925;7965;8005;8044;8083;8121;8158
Rivadavia;1;Masculino;8261;8326;8369;8402;8432;8471;8509;8545;8579;8612;8643;8672;8699;8725;8750;8773
Rojas;1;Masculino;11521;11568;11614;11659;11704;11748;11792;11835;11878;11919;11961;12001;12041;12081;12120;12158
Roque Pérez;1;Masculino;6173;6261;6338;6414;6488;6561;6633;6704;6773;6840;6906;6971;7034;7096;7157;7216
Saavedra;1;Masculino;10629;10730;10828;10926;11022;11116;11210;11302;11393;11482;11570;11656;11742;11825;11908;11989
Saladillo;1;Masculino;15850;16002;16154;16304;16452;16598;16742;16884;17024;17162;17298;17432;17564;17694;17822;17948
Salto;1;Masculino;16122;16336;16548;16758;16966;17170;17372;17571;17767;17961;18151;18339;18524;18706;18885;19062
Salliqueló;1;Masculino;4264;4267;4272;4278;4284;4290;4296;4302;4308;4315;4322;4328;4335;4342;4349;4356
San Andrés de Giles;1;Masculino;11624;11762;11899;12035;12169;12302;12432;12561;12688;12813;12936;13057;13177;13295;13411;13525
San Antonio de Areco;1;Masculino;11475;11580;11684;11786;11888;11987;12086;12183;12279;12374;12467;12558;12649;12738;12825;12912
San Cayetano;1;Masculino;4220;4237;4254;4271;4288;4304;4321;4337;4352;4368;4383;4398;4413;4428;4442;4457
San Nicolás;1;Masculino;71991;72459;72923;73382;73836;74282;74723;75158;75588;76010;76427;76836;77240;77639;78031;78418
San Pedro;1;Masculino;29402;29590;29776;29960;30142;30322;30498;30673;30845;31015;31182;31346;31509;31668;31826;31981
San Vicente;1;Masculino;29406;30368;31322;32267;33200;34119;35026;35921;36804;37674;38530;39373;40204;41024;41831;42626
Suipacha;1;Masculino;5023;5087;5151;5214;5276;5337;5398;5457;5516;5574;5631;5687;5743;5797;5851;5904
Tandil;1;Masculino;60518;61288;62046;62817;63578;64328;65067;65798;66518;67227;67926;68613;69292;69960;70619;71267
Tapalqué;1;Masculino;4584;4628;4671;4713;4755;4797;4838;4878;4918;4957;4995;5033;5071;5108;5144;5180
Tordillo;1;Masculino;940;942;943;945;947;949;950;952;953;955;957;958;960;961;963;964
Tornquist;1;Masculino;6423;6480;6538;6594;6650;6706;6760;6814;6867;6919;6970;7021;7071;7120;7169;7216
Trenque Lauquen;1;Masculino;21292;21447;21602;21755;21905;22054;22201;22346;22488;22629;22768;22904;23038;23171;23302;23430
Tres Arroyos;1;Masculino;28020;28022;28025;28029;28035;28041;28049;28059;28069;28081;28094;28108;28124;28141;28159;28178
Tres Lomas;1;Masculino;4198;4230;4252;4273;4293;4313;4328;4343;4358;4373;4388;4403;4418;4433;4448;4463
25 de Mayo;1;Masculino;17564;17593;17622;17651;17679;17707;17734;17761;17788;17814;17840;17865;17890;17915;17940;17964
Villa Gesell;1;Masculino;16027;16399;16768;17133;17494;17849;18200;18546;18887;19223;19554;19880;20202;20519;20831;21138
Villarino;1;Masculino;15818;16089;16355;16617;16877;17132;17383;17632;17876;18117;18353;18586;18816;19042;19264;19483
Zárate;1;Masculino;57508;58299;59083;59860;60627;61382;62128;62864;63590;64305;65008;65701;66385;67059;67722;68376
Total provincial;2;Femenino;8038350;8133082;8226934;8319735;8411300;8501475;8590358;8678079;8764565;8849756;8933604;9016213;9097695;9178021;9257169;9335132
Almirante Brown;2;Femenino;283673;285779;287715;289931;292120;294232;296246;298276;300261;302219;304050;305855;307636;309394;311128;312887
Avellaneda;2;Femenino;181361;181901;182439;182964;183508;184058;184616;185142;185675;186206;186743;187279;187832;188373;188911;189367
Berazategui;2;Femenino;165967;168058;170129;172178;174199;176189;178151;180087;181996;183877;185728;187551;189350;191123;192870;194640
Esteban Echeverría;2;Femenino;152359;156301;160203;163575;167077;170354;173683;176871;180114;183247;186294;189396;192457;195375;198251;201164
Ezeiza;2;Femenino;81332;84169;87082;89665;92314;94974;97649;100291;102898;105470;108004;110504;112872;115108;117361;119662
Florencio Varela;2;Femenino;212717;217500;221941;226332;230665;235010;239216;243467;247559;251591;255559;259468;263424;267425;271470;275560
General San Martín;2;Femenino;217256;217617;217976;218334;218689;219042;219393;219742;220101;220446;220808;221148;221486;221823;222127;222409
Hurlingham;2;Femenino;94302;94950;95591;96226;96852;97468;98076;98675;99266;99849;100422;100987;101544;102093;102634;103167
Ituzaingó;2;Femenino;86947;87551;88150;88742;89327;89902;90469;91029;91581;92125;92660;93187;93707;94220;94725;95223
José C. Paz;2;Femenino;134835;136975;139094;141189;143257;145293;147300;149281;151234;153158;155051;156917;158757;160570;162168;163778
La Matanza;2;Femenino;906959;933279;959342;985303;1010782;1035828;1060544;1085000;1109126;1132981;1156368;1179441;1202188;1224653;1246722;1268482
Lanús;2;Femenino;241741;241683;241625;241568;241512;241457;241403;241349;241296;241244;241193;241142;241092;241043;240995;240947
Lomas de Zamora;2;Femenino;320674;321964;323242;324527;325777;327009;328225;329457;330693;331913;333115;334273;335396;336555;337678;338757
Malvinas Argentinas;2;Femenino;163557;165399;167224;169028;170809;172562;174291;175996;177678;179334;180965;182621;184205;185767;187306;188872
Merlo;2;Femenino;269636;273256;276895;280547;284236;287897;291524;295048;298529;301914;305253;308568;311874;315089;318293;321365
Moreno;2;Femenino;228358;232697;237099;241607;245862;250059;254202;258296;262238;266175;270056;273885;277666;281398;285081;288584
Morón;2;Femenino;169007;168720;168426;168146;167880;167609;167333;167061;166803;166550;166321;166067;165817;165572;165320;165092
Quilmes;2;Femenino;301741;305547;309391;313279;317172;321067;324965;328773;332537;336254;339987;343572;347159;350704;354213;357675
San Fernando;2;Femenino;84907;85466;86020;86567;87107;87639;88163;88680;89191;89693;90188;90675;91155;91629;92096;92556
San Isidro;2;Femenino;155477;155250;155028;154812;154603;154401;154207;154019;153838;153664;153498;153349;153156;152959;152829;152695
San Miguel;2;Femenino;142013;143476;144929;146396;147846;149276;150538;151783;153011;154221;155411;156584;157741;158881;160004;161111
Tigre;2;Femenino;191032;195706;200391;204855;209139;213360;217524;221636;225692;229692;233681;237565;241381;245163;248903;252380
Tres de Febrero;2;Femenino;179303;179360;179408;179438;179470;179505;179542;179541;179552;179566;179583;179581;179582;179585;179620;179677
Vicente López;2;Femenino;144682;144169;143763;143468;143185;142915;142658;142405;142151;141829;141531;141234;140948;140687;140423;140166
Adolfo Alsina;2;Femenino;8708;8733;8758;8782;8806;8830;8853;8876;8899;8921;8943;8965;8987;9008;9029;9049
Adolfo Gonzales Chaves;2;Femenino;6175;6166;6157;6149;6140;6132;6124;6116;6108;6100;6093;6085;6078;6071;6063;6056
Alberti;2;Femenino;5500;5512;5524;5535;5547;5558;5569;5580;5591;5602;5612;5622;5633;5643;5652;5662
Arrecifes;2;Femenino;15116;15231;15344;15456;15566;15675;15782;15887;15992;16094;16195;16295;16393;16490;16585;16679
Ayacucho;2;Femenino;10398;10438;10478;10517;10555;10593;10631;10668;10704;10740;10775;10810;10844;10878;10912;10945
Azul;2;Femenino;33789;33894;33998;34101;34203;34303;34402;34499;34595;34690;34783;34874;34965;35054;35142;35228
Bahía Blanca;2;Femenino;157698;158042;158381;158718;159049;159376;159698;160016;160329;160638;160941;161241;161536;161827;162113;162396
Balcarce;2;Femenino;22405;22482;22559;22635;22710;22783;22856;22927;22998;23068;23136;23203;23270;23336;23400;23464
Baradero;2;Femenino;16613;16779;16943;17106;17266;17424;17580;17733;17885;18034;18181;18325;18468;18608;18747;18883
Benito Juárez;2;Femenino;10053;10061;10069;10076;10084;10091;10099;10106;10113;10120;10127;10134;10140;10147;10153;10160
Berisso;2;Femenino;45596;46001;46401;46797;47188;47573;47952;48327;48696;49060;49417;49770;50118;50461;50798;51131
Bolívar;2;Femenino;17435;17517;17597;17677;17756;17833;17910;17985;18059;18133;18205;18276;18346;18415;18483;18550
Bragado;2;Femenino;21418;21459;21500;21541;21581;21621;21660;21698;21736;21773;21810;21846;21882;21917;21952;21986
Brandsen;2;Femenino;13311;13546;13779;14009;14236;14460;14680;14898;15112;15324;15532;15737;15939;16138;16334;16528
Campana;2;Femenino;47312;47808;48299;48784;49263;49735;50200;50659;51111;51557;51996;52428;52854;53274;53688;54096
Cañuelas;2;Femenino;25963;26508;27048;27583;28110;28629;29141;29646;30144;30635;31118;31593;32062;32525;32981;33430
Capitán Sarmiento;2;Femenino;7450;7546;7642;7736;7829;7921;8011;8100;8188;8274;8360;8443;8526;8608;8688;8767
Carlos Casares;2;Femenino;11422;11501;11580;11658;11734;11810;11884;11958;12030;12102;12172;12241;12309;12377;12443;12508
Carlos Tejedor;2;Femenino;5795;5799;5803;5807;5811;5815;5819;5823;5827;5831;5835;5838;5842;5845;5849;5852
Carmen de Areco;2;Femenino;7395;7431;7466;7501;7536;7570;7603;7636;7669;7701;7733;7764;7795;7825;7855;7884
Castelli;2;Femenino;4223;4254;4285;4316;4346;4376;4405;4434;4463;4491;4519;4546;4573;4600;4626;4652
Chacabuco;2;Femenino;25097;25292;25484;25675;25863;26048;26230;26410;26588;26763;26935;27104;27272;27437;27599;27759
Chascomús;2;Femenino;21627;21849;22069;22287;22502;22713;22922;23127;23330;23530;23727;23920;24111;24300;24485;24668
Chivilcoy;2;Femenino;33573;33764;33954;34141;34326;34508;34687;34864;35039;35211;35380;35547;35712;35874;36034;36191
Colón;2;Femenino;12822;12929;13036;13141;13245;13348;13449;13549;13647;13744;13839;13933;14025;14117;14206;14295
Coronel de Marina Leonardo Rosales;2;Femenino;31886;31989;32092;32193;32293;32392;32489;32585;32679;32772;32864;32954;33043;33131;33217;33302
Coronel Dorrego;2;Femenino;8179;8143;8107;8071;8036;8001;7967;7933;7900;7867;7835;7803;7772;7741;7710;7680
Coronel Pringles;2;Femenino;11893;11860;11829;11797;11766;11735;11705;11675;11646;11617;11588;11560;11533;11505;11479;11452
Coronel Suárez;2;Femenino;19646;19755;19862;19968;20073;20176;20278;20378;20477;20575;20671;20765;20858;20950;21041;21130
Daireaux;2;Femenino;8518;8575;8632;8689;8744;8799;8853;8906;8959;9011;9061;9112;9161;9210;9258;9305
Dolores;2;Femenino;14036;14117;14197;14276;14354;14430;14506;14581;14655;14727;14799;14869;14938;15007;15074;15141
Ensenada;2;Femenino;29033;29269;29503;29734;29962;30187;30409;30627;30843;31055;31264;31470;31673;31873;32070;32264
Escobar;2;Femenino;108360;109721;111742;113720;115671;117592;119525;121427;123292;125118;126945;128705;130451;132161;133845;135503
Exaltación De La Cruz;2;Femenino;14869;15208;15544;15876;16204;16527;16845;17159;17469;17774;18074;18370;18661;18949;19232;19511
Florentino Ameghino;2;Femenino;4463;4505;4547;4588;4629;4669;4709;4748;4787;4825;4862;4899;4936;4971;5007;5041
General Alvarado;2;Femenino;20237;20468;20697;20923;21146;21366;21582;21796;22007;22214;22419;22620;22818;23014;23207;23397
General Alvear;2;Femenino;4868;4900;4932;4963;4994;5025;5055;5085;5114;5143;5172;5200;5227;5254;5281;5308
General Arenales;2;Femenino;7674;7686;7699;7711;7723;7735;7747;7759;7770;7781;7792;7803;7814;7825;7835;7846
General Belgrano;2;Femenino;8911;8984;9057;9130;9201;9271;9340;9409;9476;9543;9608;9672;9736;9798;9860;9921
General Guido;2;Femenino;1378;1383;1387;1391;1395;1399;1403;1407;1411;1415;1419;1423;1426;1430;1433;1437
General Juan Madariaga;2;Femenino;10250;10345;10438;10531;10622;10712;10801;10888;10975;11060;11143;11226;11307;11387;11466;11544
General La Madrid;2;Femenino;5486;5484;5481;5479;5477;5475;5472;5470;5468;5466;5464;5462;5460;5458;5456;5454
General Las Heras;2;Femenino;7618;7753;7886;8018;8148;8276;8402;8526;8649;8770;8889;9006;9122;9236;9348;9459
General Lavalle;2;Femenino;1805;1848;1890;1931;1972;2013;2052;2092;2130;2169;2206;2243;2280;2316;2351;2386
General Paz;2;Femenino;5666;5691;5716;5741;5765;5789;5813;5836;5859;5882;5904;5926;5948;5969;5990;6011
General Pinto;2;Femenino;5648;5665;5682;5698;5714;5730;5746;5762;5777;5792;5807;5821;5836;5850;5864;5878
General Pueyrredón;2;Femenino;325574;327147;328720;330277;331813;333327;334845;336344;337823;339282;340743;342184;343607;345011;346396;347761
General Rodríguez;2;Femenino;43888;45024;46149;47262;48359;49440;50506;51558;52594;53616;54621;55611;56588;57551;58500;59435
General Viamonte;2;Femenino;9230;9247;9264;9280;9296;9313;9328;9344;9359;9374;9389;9404;9418;9433;9447;9461
General Villegas;2;Femenino;15368;15465;15561;15657;15751;15844;15935;16025;16114;16201;16288;16373;16456;16539;16620;16700
Guaminí;2;Femenino;5920;5958;5996;6034;6071;6108;6144;6179;6214;6249;6283;6317;6350;6382;6414;6446
Hipólito Yrigoyen;2;Femenino;4864;4896;4927;4958;4989;5019;5048;5078;5107;5135;5163;5191;5218;5245;5271;5297
Junín;2;Femenino;47114;47867;47919;47972;48026;48081;48086;48092;48098;48105;48113;48121;48130;48139;48149;48160
La Costa;2;Femenino;35465;35910;36351;36786;37216;37640;38057;38469;38875;39275;39668;40056;40439;40816;41188;41554
La Plata;2;Femenino;340096;343104;346084;349031;351938;354802;357624;360409;363156;365861;368523;371146;373734;376284;378797;381273
Laprida;2;Femenino;5289;5325;5359;5394;5428;5461;5495;5527;5559;5591;5622;5653;5683;5713;5742;5771
Las Flores;2;Femenino;12414;12440;12466;12491;12516;12541;12565;12589;12613;12636;12659;12682;12704;12726;12747;12769
Leandro N. Alem;2;Femenino;8625;8649;8673;8697;8720;8743;8766;8789;8811;8833;8854;8875;8896;8917;8937;8957
Lincoln;2;Femenino;21419;21426;21432;21438;21444;21450;21456;21462;21467;21473;21478;21484;21489;21494;21500;21505
Lobería;2;Femenino;8774;8802;8829;8857;8884;8910;8937;8963;8988;9013;9038;9063;9087;9110;9134;9157
Lobos;2;Femenino;18726;18914;19100;19284;19465;19644;19821;19995;20166;20335;20501;20665;20827;20986;21143;21298
Luján;2;Femenino;54194;54884;55568;56245;56912;57569;58217;58856;59487;60107;60719;61321;61914;62500;63077;63645
Magdalena;2;Femenino;8161;8253;8344;8433;8521;8606;8665;8722;8776;8829;8855;8879;8902;8922;8941;8958
Maipú;2;Femenino;5357;5360;5367;5375;5382;5390;5398;5407;5415;5424;5433;5441;5451;5460;5469;5479
Mar Chiquita;2;Femenino;10677;10878;11077;11274;11468;11659;11848;12034;12217;12398;12576;12751;12924;13094;13262;13427
Marcos Paz;2;Femenino;26355;26960;27558;28151;28735;29310;29877;30437;30989;31532;32067;32594;33114;33627;34132;34629
Mercedes;2;Femenino;32352;32554;32755;32953;33148;33341;33531;33718;33903;34085;34264;34440;34614;34786;34955;35121
Monte;2;Femenino;10676;10796;10934;11070;11213;11348;11490;11635;11786;11945;12071;12234;12385;12543;12699;12852
Monte Hermoso;2;Femenino;3178;3222;3264;3307;3349;3390;3430;3470;3510;3548;3587;3624;3662;3698;3734;3770
Navarro;2;Femenino;8616;8668;8718;8769;8818;8867;8916;8963;9010;9056;9102;9147;9191;9234;9277;9320
Necochea;2;Femenino;48736;48901;49064;49225;49384;49541;49695;49847;49998;50146;50291;50435;50576;50716;50854;50989
9 de Julio;2;Femenino;24709;24742;24774;24805;24837;24867;24898;24928;24957;24986;25015;25043;25071;25098;25125;25152
Olavarría;2;Femenino;56626;57006;57383;57756;58124;58486;58843;59195;59543;59885;60221;60553;60880;61203;61521;61834
Patagones;2;Femenino;15267;15354;15441;15527;15611;15694;15776;15857;15937;16016;16093;16170;16245;16319;16392;16464
Pehuajó;2;Femenino;20611;20700;20789;20877;20964;21049;21133;21216;21298;21378;21458;21536;21613;21689;21764;21838
Pellegrini;2;Femenino;2978;2987;2997;3007;3016;3026;3036;3046;3055;3065;3075;3085;3094;3104;3114;3124
Pergamino;2;Femenino;55524;55900;56273;56641;57004;57362;57715;58063;58407;58745;59078;59405;59729;60048;60362;60671
Pila;2;Femenino;1810;1831;1851;1872;1892;1911;1931;1950;1969;1987;2006;2024;2042;2059;2076;2093
Pilar;2;Femenino;150322;154364;158368;162327;166234;170081;173873;177616;181306;184941;188518;192042;195519;198946;202323;205649
Pinamar;2;Femenino;12899;13185;13467;13746;14022;14293;14561;14825;15085;15342;15594;15843;16088;16330;16568;16803
Presidente Perón;2;Femenino;40765;42018;43259;44486;45697;46889;48065;49225;50368;51495;52604;53696;54773;55836;56882;57913
Puán;2;Femenino;8073;8039;8004;7970;7937;7904;7871;7839;7808;7776;7746;7716;7686;7656;7627;7599
Punta Indio;2;Femenino;4969;5004;5039;5073;5107;5141;5174;5207;5239;5270;5302;5332;5363;5392;5422;5451
Ramallo;2;Femenino;16746;16990;17232;17472;17708;17941;18170;18396;18619;18839;19055;19268;19479;19686;19890;20091
Rauch;2;Femenino;7756;7803;7849;7895;7941;7985;8029;8073;8116;8158;8200;8241;8281;8321;8360;8399
Rivadavia;2;Femenino;8056;8104;8146;8187;8231;8275;8317;8359;8399;8438;8476;8512;8548;8582;8616;8648
Rojas;2;Femenino;12109;12137;12165;12193;12220;12247;12273;12299;12325;12350;12375;12400;12424;12448;12471;12494
Roque Pérez;2;Femenino;6192;6274;6354;6434;6512;6590;6665;6740;6814;6886;6957;7027;7095;7163;7229;7295
Saavedra;2;Femenino;10289;10298;10307;10316;10324;10333;10341;10349;10357;10365;10373;10381;10388;10396;10403;10411
Saladillo;2;Femenino;16467;16625;16782;16937;17090;17241;17389;17536;17681;17823;17963;18101;18238;18372;18504;18635
Salto;2;Femenino;16719;16924;17128;17329;17528;17724;17916;18107;18294;18479;18661;18840;19017;19191;19363;19532
Salliqueló;2;Femenino;4450;4454;4458;4462;4466;4470;4473;4477;4481;4484;4488;4491;4494;4498;4501;4504
San Andrés de Giles;2;Femenino;11544;11678;11810;11941;12071;12198;12323;12447;12569;12689;12808;12924;13039;13153;13264;13374
San Antonio de Areco;2;Femenino;11822;11924;12024;12124;12223;12320;12415;12510;12603;12694;12784;12873;12961;13047;13132;13216
San Cayetano;2;Femenino;4249;4266;4283;4300;4317;4334;4350;4367;4382;4398;4414;4429;4444;4459;4473;4488
San Nicolás;2;Femenino;74985;75396;75804;76207;76605;76997;77383;77764;78140;78510;78874;79233;79587;79936;80280;80619
San Pedro;2;Femenino;30064;30321;30576;30828;31077;31322;31563;31801;32036;32268;32495;32720;32941;33159;33374;33586
San Vicente;2;Femenino;30104;31006;31900;32784;33656;34515;35362;36197;37021;37832;38631;39418;40194;40959;41713;42456
Suipacha;2;Femenino;5111;5193;5273;5353;5431;5509;5585;5660;5734;5808;5879;5950;6020;6089;6157;6224
Tandil;2;Femenino;64113;64882;65643;66397;67140;67871;68592;69303;70004;70695;71374;72044;72704;73354;73995;74626
Tapalqué;2;Femenino;4654;4702;4750;4797;4843;4889;4934;4978;5022;5065;5108;5150;5191;5232;5272;5311
Tordillo;2;Femenino;840;841;842;843;844;845;846;847;848;849;850;851;852;853;853;854
Tornquist;2;Femenino;6387;6449;6510;6571;6631;6689;6747;6805;6861;6917;6972;7026;7079;7131;7183;7234
Trenque Lauquen;2;Femenino;22034;22229;22423;22614;22803;22989;23172;23353;23531;23707;23880;24050;24218;24383;24547;24707
Tres Arroyos;2;Femenino;29477;29480;29485;29491;29498;29502;29507;29513;29521;29530;29540;29552;29565;29579;29595;29611
Tres Lomas;2;Femenino;4211;4241;4256;4289;4307;4333;4358;4383;4406;4428;4449;4469;4488;4506;4523;4539
25 de Mayo;2;Femenino;18585;18654;18721;18788;18854;18920;18984;19047;19109;19171;19231;19291;19350;19408;19465;19521
Villa Gesell;2;Femenino;15818;16100;16379;16655;16927;17195;17460;17720;17978;18231;18480;18726;18968;19207;19442;19674
Villarino;2;Femenino;15344;15621;15896;16167;16435;16698;16958;17215;17468;17717;17962;18204;18442;18677;18908;19136
Zárate;2;Femenino;57449;58046;58637;59221;59798;60366;60926;61478;62023;62560;63088;63608;64121;64627;65126;65617
